Journal,ISSN,Category,Source,Quality_Level,ABDC_Rank,CiteScore,SJR,Publisher,Note
Business & Society,0007-6503,Business & Society,ABDC 2025,A,A,,,,Clear social science overlap
Development and Change,0012-155X,Development Studies,ABDC 2025,A,A,,,,Core development studies
"Gender, Work & Organization",0968-6673,Gender Studies / Organisation,ABDC 2025,A,A,,,,Key gender & work journal
Human Relations,0018-7267,Organisation Studies / Sociology,ABDC 2025,A,A,,,,Interdisciplinary social science
Journal of Business Ethics,0167-4544,Business Ethics / Social Issues,ABDC 2025,A,A,,,,Strong social & ethical focus
Journal of Development Studies,0022-0388,Development Studies,ABDC 2025,A,A,,,,Core development studies
Organization Studies,0170-8406,Organisation Studies / Sociology,ABDC 2025,A,A,,,,Strong critical & sociological orientation
Academy of Management Journal,0001-4273,Management / Organisation,ABDC 2025,A*,A*,,,,Elite management
Academy of Management Review,0363-7425,Management / Organisation,ABDC 2025,A*,A*,,,,Theory-focused
Journal of Management Studies,0022-2380,Management / Organisation,ABDC 2025,A*,A*,,,,Strong organisation & society focus
Organization Science,1047-7039,Organisation Studies,ABDC 2025,A*,A*,,,,Strong organisation theory
ACM Transactions on Computing Education,,Education,Scopus CiteScore 2025 (Top 10%),Top 10% (Elite Q1),,8.9,1.024,Association for Computing Machinery,Education
APTISI Transactions on Technopreneurship,,Education,Scopus CiteScore 2025 (Top 10%),Top 10% (Elite Q1),,10.2,0.264,Pandawan Sejahtera,Education
Academy of Management Learning and Education,,Education,Scopus CiteScore 2025 (Top 10%),Top 10% (Elite Q1),,11.4,2.715,George Washington University,Education
Accounting Education,,Education,Scopus CiteScore 2025 (Top 10%),Top 10% (Elite Q1),,7.5,0.879,Taylor & Francis,Education
"Accounting, Organizations and Society",,Sociology and Political Science,Scopus CiteScore 2025 (Top 10%),Top 10% (Elite Q1),,7.1,3.098,Elsevier,Sociology and Political Science
Active Learning in Higher Education,,Education,Scopus CiteScore 2025 (Top 10%),Top 10% (Elite Q1),,13.9,2.08,SAGE,Education
Administration and Society,,Sociology and Political Science,Scopus CiteScore 2025 (Top 10%),Top 10% (Elite Q1),,6.1,1.073,SAGE,Sociology and Political Science
Administrative Science Quarterly,,Public Administration,Scopus CiteScore 2025 (Top 10%),Top 10% (Elite Q1),A*,13.4,9.595,SAGE,Public Administration
Agriculture and Human Values,,Sociology and Political Science,Scopus CiteScore 2025 (Top 10%),Top 10% (Elite Q1),,7.3,1.216,Springer Nature,Sociology and Political Science
Ambio,,"Geography, Planning and Development",Scopus CiteScore 2025 (Top 10%),Top 10% (Elite Q1),,13.6,1.904,Springer Nature,"Geography, Planning and Development"
American Educational Research Journal,,Education,Scopus CiteScore 2025 (Top 10%),Top 10% (Elite Q1),,7.2,2.151,SAGE,Education
American Ethnologist,,Anthropology,Scopus CiteScore 2025 (Top 10%),Top 10% (Elite Q1),,4.2,1.151,John Wiley & Sons,Anthropology
American Journal of Political Science,,Political Science and International Relations,Scopus CiteScore 2025 (Top 10%),Top 10% (Elite Q1),,12.4,6.539,John Wiley & Sons,Political Science and International Relations
American Journal of Sociology,,Sociology and Political Science,Scopus CiteScore 2025 (Top 10%),Top 10% (Elite Q1),,6.7,2.193,University of Chicago Press,Sociology and Political Science
American Political Science Review,,Political Science and International Relations,Scopus CiteScore 2025 (Top 10%),Top 10% (Elite Q1),,11.0,5.433,Cambridge University Press,Political Science and International Relations
American Sociological Review,,Sociology and Political Science,Scopus CiteScore 2025 (Top 10%),Top 10% (Elite Q1),A*,9.0,3.277,American Sociological Association,Sociology and Political Science
Annals of Public and Cooperative Economics,,Sociology and Political Science,Scopus CiteScore 2025 (Top 10%),Top 10% (Elite Q1),,6.5,0.845,John Wiley & Sons,Sociology and Political Science
Annals of Tourism Research,,Development,Scopus CiteScore 2025 (Top 10%),Top 10% (Elite Q1),,11.9,2.435,Elsevier,Development
Annals of Tourism Research Empirical Insights,,Sociology and Political Science,Scopus CiteScore 2025 (Top 10%),Top 10% (Elite Q1),,8.4,0.852,Elsevier,Sociology and Political Science
Annals of the American Academy of Political and Social Science,,General Social Sciences,Scopus CiteScore 2025 (Top 10%),Top 10% (Elite Q1),,6.9,0.993,SAGE,General Social Sciences
Annals of the International Communication Association,,Communication,Scopus CiteScore 2025 (Top 10%),Top 10% (Elite Q1),,10.1,1.706,Oxford University Press,Communication
Anthrozoos,,Anthropology,Scopus CiteScore 2025 (Top 10%),Top 10% (Elite Q1),,4.3,0.512,Taylor & Francis,Anthropology
Applied Economic Perspectives and Policy,,Development,Scopus CiteScore 2025 (Top 10%),Top 10% (Elite Q1),,8.5,1.289,John Wiley & Sons,Development
Asia Pacific Journal of Education,,Education,Scopus CiteScore 2025 (Top 10%),Top 10% (Elite Q1),,8.0,1.092,Taylor & Francis,Education
Asia-Pacific Education Researcher,,Education,Scopus CiteScore 2025 (Top 10%),Top 10% (Elite Q1),,8.5,1.516,Springer Nature,Education
Asia-Pacific Journal of Business Administration,,Public Administration,Scopus CiteScore 2025 (Top 10%),Top 10% (Elite Q1),,12.1,1.086,Emerald Publishing,Public Administration
Asian Association of Open Universities Journal,,Social Sciences (miscellaneous),Scopus CiteScore 2025 (Top 10%),Top 10% (Elite Q1),,6.0,0.79,Emerald Publishing,Social Sciences (miscellaneous)
Asian Business and Management,,Political Science and International Relations,Scopus CiteScore 2025 (Top 10%),Top 10% (Elite Q1),,7.1,0.758,Springer Nature,Political Science and International Relations
Asian Economic Policy Review,,Political Science and International Relations,Scopus CiteScore 2025 (Top 10%),Top 10% (Elite Q1),,16.7,1.396,John Wiley & Sons,Political Science and International Relations
Assessment and Evaluation in Higher Education,,Education,Scopus CiteScore 2025 (Top 10%),Top 10% (Elite Q1),,14.1,2.796,Taylor & Francis,Education
Australasian Journal of Educational Technology,,Education,Scopus CiteScore 2025 (Top 10%),Top 10% (Elite Q1),,12.0,1.788,Australasian Society for Computers in Learning in Tertiary Education (ASCILITE),Education
Behavioural Public Policy,,Political Science and International Relations,Scopus CiteScore 2025 (Top 10%),Top 10% (Elite Q1),,8.5,1.2,Cambridge University Press,Political Science and International Relations
Big Data and Society,,Communication,Scopus CiteScore 2025 (Top 10%),Top 10% (Elite Q1),,9.7,2.026,SAGE,Communication
Biology of Sex Differences,,Gender Studies,Scopus CiteScore 2025 (Top 10%),Top 10% (Elite Q1),,8.1,1.808,Springer Nature,Gender Studies
British Journal of Educational Psychology,,Education,Scopus CiteScore 2025 (Top 10%),Top 10% (Elite Q1),,9.2,1.747,John Wiley & Sons,Education
British Journal of Educational Technology,,Education,Scopus CiteScore 2025 (Top 10%),Top 10% (Elite Q1),,23.1,3.83,John Wiley & Sons,Education
British Journal of Political Science,,Political Science and International Relations,Scopus CiteScore 2025 (Top 10%),Top 10% (Elite Q1),,7.2,3.576,Cambridge University Press,Political Science and International Relations
British Journal of Politics and International Relations,,Political Science and International Relations,Scopus CiteScore 2025 (Top 10%),Top 10% (Elite Q1),,6.0,1.51,SAGE,Political Science and International Relations
Building and Environment,,"Geography, Planning and Development",Scopus CiteScore 2025 (Top 10%),Top 10% (Elite Q1),,15.0,1.906,Elsevier,"Geography, Planning and Development"
Business Strategy and the Environment,,"Geography, Planning and Development",Scopus CiteScore 2025 (Top 10%),Top 10% (Elite Q1),,23.8,3.678,John Wiley & Sons,"Geography, Planning and Development"
Business and Society,,Social Sciences (miscellaneous),Scopus CiteScore 2025 (Top 10%),Top 10% (Elite Q1),,14.9,2.832,SAGE,Social Sciences (miscellaneous)
CBE Life Sciences Education,,Education,Scopus CiteScore 2025 (Top 10%),Top 10% (Elite Q1),,7.6,1.343,American Society for Cell Biology,Education
"Cambridge Journal of Regions, Economy and Society",,Sociology and Political Science,Scopus CiteScore 2025 (Top 10%),Top 10% (Elite Q1),,9.7,1.808,Oxford University Press,Sociology and Political Science
Campbell Systematic Reviews,,General Social Sciences,Scopus CiteScore 2025 (Top 10%),Top 10% (Elite Q1),,14.0,2.46,John Wiley & Sons,General Social Sciences
Career Development International,,Social Sciences (miscellaneous),Scopus CiteScore 2025 (Top 10%),Top 10% (Elite Q1),,7.7,1.386,Emerald Publishing,Social Sciences (miscellaneous)
China Journal,,Sociology and Political Science,Scopus CiteScore 2025 (Top 10%),Top 10% (Elite Q1),,6.4,1.736,University of Chicago Press,Sociology and Political Science
Chinese Journal of Population Resources and Environment,,Demography,Scopus CiteScore 2025 (Top 10%),Top 10% (Elite Q1),,6.8,1.097,KeAi Communications Co.,Demography
Chinese Political Science Review,,Political Science and International Relations,Scopus CiteScore 2025 (Top 10%),Top 10% (Elite Q1),,7.3,0.894,Springer Nature,Political Science and International Relations
Chinese Sociological Review,,Anthropology,Scopus CiteScore 2025 (Top 10%),Top 10% (Elite Q1),,5.8,0.874,Taylor & Francis,Anthropology
Cities,,Sociology and Political Science,Scopus CiteScore 2025 (Top 10%),Top 10% (Elite Q1),,11.5,1.772,Elsevier,Sociology and Political Science
Cleaner and Responsible Consumption,,Social Sciences (miscellaneous),Scopus CiteScore 2025 (Top 10%),Top 10% (Elite Q1),,8.4,1.137,Elsevier,Social Sciences (miscellaneous)
Climate Risk Management,,"Geography, Planning and Development",Scopus CiteScore 2025 (Top 10%),Top 10% (Elite Q1),,10.4,1.559,Elsevier,"Geography, Planning and Development"
Climate and Development,,Development,Scopus CiteScore 2025 (Top 10%),Top 10% (Elite Q1),,9.1,1.258,Taylor & Francis,Development
Communication Methods and Measures,,Communication,Scopus CiteScore 2025 (Top 10%),Top 10% (Elite Q1),,13.3,2.633,Taylor & Francis,Communication
Communication and Sport,,Social Sciences (miscellaneous),Scopus CiteScore 2025 (Top 10%),Top 10% (Elite Q1),,8.0,1.151,SAGE,Social Sciences (miscellaneous)
"Community, Work and Family",,Sociology and Political Science,Scopus CiteScore 2025 (Top 10%),Top 10% (Elite Q1),,6.4,0.829,Taylor & Francis,Sociology and Political Science
Comparative Education,,Education,Scopus CiteScore 2025 (Top 10%),Top 10% (Elite Q1),,8.2,1.414,Taylor & Francis,Education
Comparative Political Studies,,Sociology and Political Science,Scopus CiteScore 2025 (Top 10%),Top 10% (Elite Q1),,8.6,3.796,SAGE,Sociology and Political Science
Computational Communication Research,,Communication,Scopus CiteScore 2025 (Top 10%),Top 10% (Elite Q1),,7.1,1.542,Amsterdam University Press,Communication
Computational Urban Science,,Urban Studies,Scopus CiteScore 2025 (Top 10%),Top 10% (Elite Q1),,7.2,0.815,Springer Nature,Urban Studies
Computer Science Education,,Education,Scopus CiteScore 2025 (Top 10%),Top 10% (Elite Q1),,7.3,0.903,Taylor & Francis,Education
Computers and Education,,Education,Scopus CiteScore 2025 (Top 10%),Top 10% (Elite Q1),,26.3,4.434,Elsevier,Education
Computers and Education Open,,Education,Scopus CiteScore 2025 (Top 10%),Top 10% (Elite Q1),,16.9,2.903,Elsevier,Education
Computers and Education: Artificial Intelligence,,Education,Scopus CiteScore 2025 (Top 10%),Top 10% (Elite Q1),,43.3,7.083,Elsevier,Education
Computers and Education: X Reality,,Social Sciences (miscellaneous),Scopus CiteScore 2025 (Top 10%),Top 10% (Elite Q1),,9.3,1.339,Elsevier,Social Sciences (miscellaneous)
"Computers, Environment and Urban Systems",,Urban Studies,Scopus CiteScore 2025 (Top 10%),Top 10% (Elite Q1),,17.3,2.174,Elsevier,Urban Studies
Consumption Markets and Culture,,Anthropology,Scopus CiteScore 2025 (Top 10%),Top 10% (Elite Q1),,4.8,0.756,Taylor & Francis,Anthropology
Contemporary Educational Psychology,,Education,Scopus CiteScore 2025 (Top 10%),Top 10% (Elite Q1),,7.9,1.86,Elsevier,Education
Contemporary Educational Technology,,Education,Scopus CiteScore 2025 (Top 10%),Top 10% (Elite Q1),,13.0,1.555,Bastas,Education
Contemporary Security Policy,,Political Science and International Relations,Scopus CiteScore 2025 (Top 10%),Top 10% (Elite Q1),,9.7,2.222,Taylor & Francis,Political Science and International Relations
Corporate Social Responsibility and Environmental Management,,Development,Scopus CiteScore 2025 (Top 10%),Top 10% (Elite Q1),,14.5,2.147,John Wiley & Sons,Development
Critical Perspectives on Accounting,,Sociology and Political Science,Scopus CiteScore 2025 (Top 10%),Top 10% (Elite Q1),,10.9,2.1,Elsevier,Sociology and Political Science
Critical Policy Studies,,Sociology and Political Science,Scopus CiteScore 2025 (Top 10%),Top 10% (Elite Q1),,6.3,0.773,Taylor & Francis,Sociology and Political Science
Cross-Cultural Research,,Anthropology,Scopus CiteScore 2025 (Top 10%),Top 10% (Elite Q1),,4.4,0.688,SAGE,Anthropology
Cultural Diversity and Ethnic Minority Psychology,,Sociology and Political Science,Scopus CiteScore 2025 (Top 10%),Top 10% (Elite Q1),,6.5,0.997,American Psychological Association,Sociology and Political Science
Current Issues in Tourism,,"Geography, Planning and Development",Scopus CiteScore 2025 (Top 10%),Top 10% (Elite Q1),,13.7,1.331,Taylor & Francis,"Geography, Planning and Development"
Current Opinion in Environmental Sustainability,,General Social Sciences,Scopus CiteScore 2025 (Top 10%),Top 10% (Elite Q1),,15.2,2.228,Elsevier,General Social Sciences
Current Sociology,,Sociology and Political Science,Scopus CiteScore 2025 (Top 10%),Top 10% (Elite Q1),,6.0,1.01,SAGE,Sociology and Political Science
"Cyberpsychology, Behavior, and Social Networking",,Communication,Scopus CiteScore 2025 (Top 10%),Top 10% (Elite Q1),,7.1,1.121,SAGE,Communication
Democratization,,Political Science and International Relations,Scopus CiteScore 2025 (Top 10%),Top 10% (Elite Q1),,5.6,1.848,Taylor & Francis,Political Science and International Relations
Demography,,Demography,Scopus CiteScore 2025 (Top 10%),Top 10% (Elite Q1),,5.4,1.772,Duke University Press,Demography
Developmental Psychology,,Demography,Scopus CiteScore 2025 (Top 10%),Top 10% (Elite Q1),,6.1,1.367,American Psychological Association,Demography
Dialogues in Human Geography,,"Geography, Planning and Development",Scopus CiteScore 2025 (Top 10%),Top 10% (Elite Q1),,10.2,1.546,SAGE,"Geography, Planning and Development"
Digital Geography and Society,,Social Sciences (miscellaneous),Scopus CiteScore 2025 (Top 10%),Top 10% (Elite Q1),,6.1,1.133,Elsevier,Social Sciences (miscellaneous)
Digital Journalism,,Communication,Scopus CiteScore 2025 (Top 10%),Top 10% (Elite Q1),,15.3,3.807,Taylor & Francis,Communication
E-Learning and Digital Media,,Education,Scopus CiteScore 2025 (Top 10%),Top 10% (Elite Q1),,8.8,0.553,SAGE,Education
ECNU Review of Education,,Education,Scopus CiteScore 2025 (Top 10%),Top 10% (Elite Q1),,7.1,0.774,SAGE,Education
Earth System Governance,,Political Science and International Relations,Scopus CiteScore 2025 (Top 10%),Top 10% (Elite Q1),,7.4,1.371,Elsevier,Political Science and International Relations
East European Politics,,Political Science and International Relations,Scopus CiteScore 2025 (Top 10%),Top 10% (Elite Q1),,6.6,1.098,Taylor & Francis,Political Science and International Relations
Economic Geography,,"Geography, Planning and Development",Scopus CiteScore 2025 (Top 10%),Top 10% (Elite Q1),,15.9,3.142,Taylor & Francis,"Geography, Planning and Development"
Ecosystem Services,,"Geography, Planning and Development",Scopus CiteScore 2025 (Top 10%),Top 10% (Elite Q1),,13.7,2.225,Elsevier,"Geography, Planning and Development"
Education and Information Technologies,,Education,Scopus CiteScore 2025 (Top 10%),Top 10% (Elite Q1),,15.5,2.131,Springer Nature,Education
Education and Training,,Education,Scopus CiteScore 2025 (Top 10%),Top 10% (Elite Q1),,7.5,0.728,Emerald Publishing,Education
Education for Chemical Engineers,,Education,Scopus CiteScore 2025 (Top 10%),Top 10% (Elite Q1),,8.0,1.04,Elsevier,Education
Educational Administration Quarterly,,Education,Scopus CiteScore 2025 (Top 10%),Top 10% (Elite Q1),,6.9,1.907,SAGE,Education
Educational Management Administration and Leadership,,Education,Scopus CiteScore 2025 (Top 10%),Top 10% (Elite Q1),,11.2,1.797,SAGE,Education
Educational Psychology Review,,Education,Scopus CiteScore 2025 (Top 10%),Top 10% (Elite Q1),,20.1,4.84,Springer Nature,Education
Educational Research Review,,Education,Scopus CiteScore 2025 (Top 10%),Top 10% (Elite Q1),,20.6,4.291,Elsevier,Education
Educational Researcher,,Education,Scopus CiteScore 2025 (Top 10%),Top 10% (Elite Q1),,10.0,2.811,SAGE,Education
Educational Review,,Education,Scopus CiteScore 2025 (Top 10%),Top 10% (Elite Q1),,9.7,1.333,Taylor & Francis,Education
Educational Studies,,Education,Scopus CiteScore 2025 (Top 10%),Top 10% (Elite Q1),,8.7,1.249,Taylor & Francis,Education
Educational Technology Research and Development,,Education,Scopus CiteScore 2025 (Top 10%),Top 10% (Elite Q1),,10.7,1.836,Springer Nature,Education
Educational Technology and Society,,Sociology and Political Science,Scopus CiteScore 2025 (Top 10%),Top 10% (Elite Q1),,11.6,2.109,"International Forum of Educational Technology and Society,National Taiwan Normal University",Sociology and Political Science
El-Usrah,,Anthropology,Scopus CiteScore 2025 (Top 10%),Top 10% (Elite Q1),,4.2,0.83,State Islamic University of Ar-Raniry Faculty of Sharia and Law,Anthropology
Electronic Journal of e-Learning,,Education,Scopus CiteScore 2025 (Top 10%),Top 10% (Elite Q1),,8.9,1.006,Academic Conferences and Publishing International Limited,Education
Energy Research and Social Science,,Social Sciences (miscellaneous),Scopus CiteScore 2025 (Top 10%),Top 10% (Elite Q1),,12.6,2.432,Elsevier,Social Sciences (miscellaneous)
Energy for Sustainable Development,,"Geography, Planning and Development",Scopus CiteScore 2025 (Top 10%),Top 10% (Elite Q1),,9.9,1.226,Elsevier,"Geography, Planning and Development"
"Energy, Sustainability and Society",,Development,Scopus CiteScore 2025 (Top 10%),Top 10% (Elite Q1),,10.3,1.301,Springer Nature,Development
Entrepreneurial Business and Economics Review,,Political Science and International Relations,Scopus CiteScore 2025 (Top 10%),Top 10% (Elite Q1),,7.8,0.807,Cracow University of Economics,Political Science and International Relations
Environment and Planning A,,"Geography, Planning and Development",Scopus CiteScore 2025 (Top 10%),Top 10% (Elite Q1),,10.2,1.742,SAGE,"Geography, Planning and Development"
Environment and Society: Advances in Research,,Anthropology,Scopus CiteScore 2025 (Top 10%),Top 10% (Elite Q1),,5.5,0.854,Berghahn,Anthropology
"Environment, Development and Sustainability",,"Geography, Planning and Development",Scopus CiteScore 2025 (Top 10%),Top 10% (Elite Q1),,11.6,0.972,Springer Nature,"Geography, Planning and Development"
Environmental Development,,"Geography, Planning and Development",Scopus CiteScore 2025 (Top 10%),Top 10% (Elite Q1),,8.5,1.251,Elsevier,"Geography, Planning and Development"
Environmental Education Research,,Education,Scopus CiteScore 2025 (Top 10%),Top 10% (Elite Q1),,7.1,1.24,Taylor & Francis,Education
Environmental Impact Assessment Review,,"Geography, Planning and Development",Scopus CiteScore 2025 (Top 10%),Top 10% (Elite Q1),,19.6,2.958,Elsevier,"Geography, Planning and Development"
Environmental Innovation and Societal Transitions,,Social Sciences (miscellaneous),Scopus CiteScore 2025 (Top 10%),Top 10% (Elite Q1),,11.5,2.155,Elsevier,Social Sciences (miscellaneous)
Environmental Politics,,Sociology and Political Science,Scopus CiteScore 2025 (Top 10%),Top 10% (Elite Q1),,12.5,1.9,Taylor & Francis,Sociology and Political Science
Environmental Science and Policy,,"Geography, Planning and Development",Scopus CiteScore 2025 (Top 10%),Top 10% (Elite Q1),,11.1,1.72,Elsevier,"Geography, Planning and Development"
European Journal of Engineering Education,,Education,Scopus CiteScore 2025 (Top 10%),Top 10% (Elite Q1),,8.9,1.205,Taylor & Francis,Education
European Journal of Futures Research,,Social Sciences (miscellaneous),Scopus CiteScore 2025 (Top 10%),Top 10% (Elite Q1),,8.1,0.709,Springer Nature,Social Sciences (miscellaneous)
European Journal of International Relations,,Political Science and International Relations,Scopus CiteScore 2025 (Top 10%),Top 10% (Elite Q1),,6.1,1.776,SAGE,Political Science and International Relations
European Journal of Political Research,,Sociology and Political Science,Scopus CiteScore 2025 (Top 10%),Top 10% (Elite Q1),,8.2,3.432,Cambridge University Press,Sociology and Political Science
European Journal of Population,,Demography,Scopus CiteScore 2025 (Top 10%),Top 10% (Elite Q1),,5.6,1.209,Springer Nature,Demography
European Journal of Social Theory,,Sociology and Political Science,Scopus CiteScore 2025 (Top 10%),Top 10% (Elite Q1),,6.9,1.446,SAGE,Sociology and Political Science
European Journal of Teacher Education,,Education,Scopus CiteScore 2025 (Top 10%),Top 10% (Elite Q1),,10.5,1.396,Taylor & Francis,Education
European Journal of Training and Development,,Education,Scopus CiteScore 2025 (Top 10%),Top 10% (Elite Q1),,9.4,1.048,Emerald Publishing,Education
European Planning Studies,,"Geography, Planning and Development",Scopus CiteScore 2025 (Top 10%),Top 10% (Elite Q1),,8.7,1.277,Taylor & Francis,"Geography, Planning and Development"
European Policy Analysis,,Political Science and International Relations,Scopus CiteScore 2025 (Top 10%),Top 10% (Elite Q1),,6.7,0.887,John Wiley & Sons,Political Science and International Relations
European Security,,Political Science and International Relations,Scopus CiteScore 2025 (Top 10%),Top 10% (Elite Q1),,7.5,1.669,Taylor & Francis,Political Science and International Relations
European Societies,,Demography,Scopus CiteScore 2025 (Top 10%),Top 10% (Elite Q1),,6.2,1.071,MIT Press,Demography
European Sociological Review,,Sociology and Political Science,Scopus CiteScore 2025 (Top 10%),Top 10% (Elite Q1),,6.5,1.604,Oxford University Press,Sociology and Political Science
European Union Politics,,Demography,Scopus CiteScore 2025 (Top 10%),Top 10% (Elite Q1),,6.4,1.359,SAGE,Demography
European Urban and Regional Studies,,Urban Studies,Scopus CiteScore 2025 (Top 10%),Top 10% (Elite Q1),,7.7,1.027,SAGE,Urban Studies
Evolutionary Anthropology,,Anthropology,Scopus CiteScore 2025 (Top 10%),Top 10% (Elite Q1),,6.7,1.329,John Wiley & Sons,Anthropology
Extractive Industries and Society,,"Geography, Planning and Development",Scopus CiteScore 2025 (Top 10%),Top 10% (Elite Q1),,8.0,1.676,Elsevier,"Geography, Planning and Development"
Food Policy,,Sociology and Political Science,Scopus CiteScore 2025 (Top 10%),Top 10% (Elite Q1),,11.0,2.011,Elsevier,Sociology and Political Science
Food Security,,Development,Scopus CiteScore 2025 (Top 10%),Top 10% (Elite Q1),,12.4,1.503,Springer Nature,Development
Foreign Affairs,,Political Science and International Relations,Scopus CiteScore 2025 (Top 10%),Top 10% (Elite Q1),,6.0,0.763,"Council on Foreign Relations, Inc.",Political Science and International Relations
Forest Policy and Economics,,Sociology and Political Science,Scopus CiteScore 2025 (Top 10%),Top 10% (Elite Q1),,7.6,1.285,Elsevier,Sociology and Political Science
Futures,,Sociology and Political Science,Scopus CiteScore 2025 (Top 10%),Top 10% (Elite Q1),,8.2,1.426,Elsevier,Sociology and Political Science
Games and Culture,,Anthropology,Scopus CiteScore 2025 (Top 10%),Top 10% (Elite Q1),,7.3,0.946,SAGE,Anthropology
Gender and Society,,Gender Studies,Scopus CiteScore 2025 (Top 10%),Top 10% (Elite Q1),,7.0,1.839,SAGE,Gender Studies
Gender in Management,,Gender Studies,Scopus CiteScore 2025 (Top 10%),Top 10% (Elite Q1),,6.8,0.822,Emerald Publishing,Gender Studies
"Gender, Work and Organization",,Gender Studies,Scopus CiteScore 2025 (Top 10%),Top 10% (Elite Q1),,7.4,1.769,John Wiley & Sons,Gender Studies
Geo-Spatial Information Science,,"Geography, Planning and Development",Scopus CiteScore 2025 (Top 10%),Top 10% (Elite Q1),,10.2,1.304,Taylor & Francis,"Geography, Planning and Development"
Geocarto International,,"Geography, Planning and Development",Scopus CiteScore 2025 (Top 10%),Top 10% (Elite Q1),,10.8,0.816,Taylor & Francis,"Geography, Planning and Development"
Geoforum,,Sociology and Political Science,Scopus CiteScore 2025 (Top 10%),Top 10% (Elite Q1),,6.3,1.378,Elsevier,Sociology and Political Science
Geography Compass,,General Social Sciences,Scopus CiteScore 2025 (Top 10%),Top 10% (Elite Q1),,6.8,1.495,John Wiley & Sons,General Social Sciences
Geopolitics,,Political Science and International Relations,Scopus CiteScore 2025 (Top 10%),Top 10% (Elite Q1),,9.6,1.708,Taylor & Francis,Political Science and International Relations
German Politics,,Political Science and International Relations,Scopus CiteScore 2025 (Top 10%),Top 10% (Elite Q1),,5.8,1.144,Taylor & Francis,Political Science and International Relations
Global Environmental Change,,"Geography, Planning and Development",Scopus CiteScore 2025 (Top 10%),Top 10% (Elite Q1),,19.2,3.283,Elsevier,"Geography, Planning and Development"
Global Environmental Politics,,Political Science and International Relations,Scopus CiteScore 2025 (Top 10%),Top 10% (Elite Q1),,8.6,1.646,MIT Press,Political Science and International Relations
Global Networks,,General Social Sciences,Scopus CiteScore 2025 (Top 10%),Top 10% (Elite Q1),,6.4,1.186,John Wiley & Sons,General Social Sciences
Global Social Challenges Journal,,Political Science and International Relations,Scopus CiteScore 2025 (Top 10%),Top 10% (Elite Q1),,5.4,0.949,Policy Press,Political Science and International Relations
Governance,,Sociology and Political Science,Scopus CiteScore 2025 (Top 10%),Top 10% (Elite Q1),A,6.1,1.581,John Wiley & Sons,Sociology and Political Science
Government and Opposition,,Sociology and Political Science,Scopus CiteScore 2025 (Top 10%),Top 10% (Elite Q1),,8.0,2.172,Cambridge University Press,Sociology and Political Science
Groundwater for Sustainable Development,,"Geography, Planning and Development",Scopus CiteScore 2025 (Top 10%),Top 10% (Elite Q1),,10.7,1.322,Elsevier,"Geography, Planning and Development"
Habitat International,,Urban Studies,Scopus CiteScore 2025 (Top 10%),Top 10% (Elite Q1),,11.8,1.892,Elsevier,Urban Studies
Harvard Kennedy School Misinformation Review,,Social Sciences (miscellaneous),Scopus CiteScore 2025 (Top 10%),Top 10% (Elite Q1),,7.2,1.362,Harvard Kennedy School,Social Sciences (miscellaneous)
Health and Place,,Sociology and Political Science,Scopus CiteScore 2025 (Top 10%),Top 10% (Elite Q1),,7.4,1.328,Elsevier,Sociology and Political Science
Health and Social Care in the Community,,Social Sciences (miscellaneous),Scopus CiteScore 2025 (Top 10%),Top 10% (Elite Q1),,6.7,0.984,John Wiley & Sons,Social Sciences (miscellaneous)
Higher Education,,Education,Scopus CiteScore 2025 (Top 10%),Top 10% (Elite Q1),,12.2,2.059,Springer Nature,Education
Higher Education Policy,,Sociology and Political Science,Scopus CiteScore 2025 (Top 10%),Top 10% (Elite Q1),,6.9,0.798,Springer Nature,Sociology and Political Science
Higher Education Research and Development,,Education,Scopus CiteScore 2025 (Top 10%),Top 10% (Elite Q1),,8.6,1.336,Taylor & Francis,Education
Housing Policy Debate,,Urban Studies,Scopus CiteScore 2025 (Top 10%),Top 10% (Elite Q1),,7.3,1.006,Taylor & Francis,Urban Studies
Housing Studies,,Sociology and Political Science,Scopus CiteScore 2025 (Top 10%),Top 10% (Elite Q1),,8.1,1.476,Taylor & Francis,Sociology and Political Science
Human Behavior and Emerging Technologies,,General Social Sciences,Scopus CiteScore 2025 (Top 10%),Top 10% (Elite Q1),,6.5,0.898,John Wiley & Sons,General Social Sciences
Human Communication Research,,Anthropology,Scopus CiteScore 2025 (Top 10%),Top 10% (Elite Q1),,8.0,1.751,John Wiley & Sons,Anthropology
Human Resources for Health,,Public Administration,Scopus CiteScore 2025 (Top 10%),Top 10% (Elite Q1),,8.1,1.527,Springer Nature,Public Administration
IEEE Transactions on Computational Social Systems,,Social Sciences (miscellaneous),Scopus CiteScore 2025 (Top 10%),Top 10% (Elite Q1),,10.8,1.22,IEEE,Social Sciences (miscellaneous)
IEEE Transactions on Education,,Education,Scopus CiteScore 2025 (Top 10%),Top 10% (Elite Q1),,8.9,0.966,IEEE,Education
IEEE Transactions on Learning Technologies,,Education,Scopus CiteScore 2025 (Top 10%),Top 10% (Elite Q1),,12.5,1.893,IEEE,Education
IET Smart Cities,,Urban Studies,Scopus CiteScore 2025 (Top 10%),Top 10% (Elite Q1),,7.3,0.586,John Wiley & Sons,Urban Studies
Identity,,Anthropology,Scopus CiteScore 2025 (Top 10%),Top 10% (Elite Q1),,4.4,0.596,Taylor & Francis,Anthropology
Industry and Higher Education,,Education,Scopus CiteScore 2025 (Top 10%),Top 10% (Elite Q1),,7.2,0.71,SAGE,Education
Informatics,,Communication,Scopus CiteScore 2025 (Top 10%),Top 10% (Elite Q1),,9.1,0.884,Multidisciplinary Digital Publishing Institute (MDPI),Communication
Informatics in Education,,Communication,Scopus CiteScore 2025 (Top 10%),Top 10% (Elite Q1),,7.7,0.706,Vilnius University Institute of Data Science and Digital Technologies,Communication
Information Communication and Society,,Communication,Scopus CiteScore 2025 (Top 10%),Top 10% (Elite Q1),,10.4,1.793,Taylor & Francis,Communication
Information Technology and Management,,Communication,Scopus CiteScore 2025 (Top 10%),Top 10% (Elite Q1),,6.6,0.713,Springer Nature,Communication
Information Technology for Development,,Public Administration,Scopus CiteScore 2025 (Top 10%),Top 10% (Elite Q1),,11.9,1.456,Association for Information Systems,Public Administration
Innovations in Education and Teaching International,,Education,Scopus CiteScore 2025 (Top 10%),Top 10% (Elite Q1),,12.1,1.818,Taylor & Francis,Education
Interactive Learning Environments,,Education,Scopus CiteScore 2025 (Top 10%),Top 10% (Elite Q1),,17.8,2.24,Taylor & Francis,Education
Interactive Technology and Smart Education,,Education,Scopus CiteScore 2025 (Top 10%),Top 10% (Elite Q1),,14.1,1.604,Emerald Publishing,Education
International Affairs,,Political Science and International Relations,Scopus CiteScore 2025 (Top 10%),Top 10% (Elite Q1),,7.9,2.097,John Wiley & Sons,Political Science and International Relations
International Journal for Educational Integrity,,Social Sciences (miscellaneous),Scopus CiteScore 2025 (Top 10%),Top 10% (Elite Q1),,15.8,1.935,Springer Nature,Social Sciences (miscellaneous)
International Journal of Advertising,,Communication,Scopus CiteScore 2025 (Top 10%),Top 10% (Elite Q1),,15.9,3.182,Taylor & Francis,Communication
International Journal of Artificial Intelligence in Education,,Education,Scopus CiteScore 2025 (Top 10%),Top 10% (Elite Q1),,18.5,3.207,Springer Nature,Education
International Journal of Behavioral Development,,Social Sciences (miscellaneous),Scopus CiteScore 2025 (Top 10%),Top 10% (Elite Q1),,6.8,1.495,SAGE,Social Sciences (miscellaneous)
International Journal of Bullying Prevention,,Social Sciences (miscellaneous),Scopus CiteScore 2025 (Top 10%),Top 10% (Elite Q1),,6.3,0.966,Springer Nature,Social Sciences (miscellaneous)
International Journal of Child-Computer Interaction,,Education,Scopus CiteScore 2025 (Top 10%),Top 10% (Elite Q1),,10.4,1.024,Elsevier,Education
International Journal of Climate Change Strategies and Management,,Development,Scopus CiteScore 2025 (Top 10%),Top 10% (Elite Q1),,8.4,0.977,Emerald Publishing,Development
International Journal of Computer-Supported Collaborative Learning,,Education,Scopus CiteScore 2025 (Top 10%),Top 10% (Elite Q1),,10.9,2.627,Springer Publishing Company,Education
International Journal of Data and Network Science,,Communication,Scopus CiteScore 2025 (Top 10%),Top 10% (Elite Q1),,12.7,0.542,Growing Science,Communication
International Journal of Educational Technology in Higher Education,,Education,Scopus CiteScore 2025 (Top 10%),Top 10% (Elite Q1),,48.4,7.947,Springer Nature,Education
International Journal of Gender and Entrepreneurship,,Gender Studies,Scopus CiteScore 2025 (Top 10%),Top 10% (Elite Q1),,10.0,1.055,Emerald Publishing,Gender Studies
International Journal of Geographical Information Science,,"Geography, Planning and Development",Scopus CiteScore 2025 (Top 10%),Top 10% (Elite Q1),,10.9,1.346,Taylor & Francis,"Geography, Planning and Development"
International Journal of Geoheritage and Parks,,Social Sciences (miscellaneous),Scopus CiteScore 2025 (Top 10%),Top 10% (Elite Q1),,10.2,0.915,KeAi Communications Co.,Social Sciences (miscellaneous)
International Journal of Human Computer Studies,,Education,Scopus CiteScore 2025 (Top 10%),Top 10% (Elite Q1),,10.5,1.134,Elsevier,Education
International Journal of Information and Learning Technology,,Education,Scopus CiteScore 2025 (Top 10%),Top 10% (Elite Q1),,9.5,1.055,Emerald Publishing,Education
International Journal of Management Education,,Education,Scopus CiteScore 2025 (Top 10%),Top 10% (Elite Q1),,14.9,1.791,Elsevier,Education
International Journal of Press/Politics,,Sociology and Political Science,Scopus CiteScore 2025 (Top 10%),Top 10% (Elite Q1),,13.3,2.858,SAGE,Sociology and Political Science
International Journal of Public Sector Management,,Political Science and International Relations,Scopus CiteScore 2025 (Top 10%),Top 10% (Elite Q1),,5.4,0.659,Emerald Publishing,Political Science and International Relations
International Journal of Qualitative Methods,,Education,Scopus CiteScore 2025 (Top 10%),Top 10% (Elite Q1),,7.6,1.931,SAGE,Education
International Journal of STEM Education,,Education,Scopus CiteScore 2025 (Top 10%),Top 10% (Elite Q1),,19.8,3.316,Springer Nature,Education
International Journal of Social Research Methodology: Theory and Practice,,General Social Sciences,Scopus CiteScore 2025 (Top 10%),Top 10% (Elite Q1),,9.2,1.417,Taylor & Francis,General Social Sciences
International Journal of Sustainability in Higher Education,,Education,Scopus CiteScore 2025 (Top 10%),Top 10% (Elite Q1),,9.8,1.014,Emerald Publishing,Education
International Journal of Sustainable Development and World Ecology,,"Geography, Planning and Development",Scopus CiteScore 2025 (Top 10%),Top 10% (Elite Q1),,16.7,1.298,Taylor & Francis,"Geography, Planning and Development"
International Journal of Sustainable Transportation,,"Geography, Planning and Development",Scopus CiteScore 2025 (Top 10%),Top 10% (Elite Q1),,9.7,1.117,Taylor & Francis,"Geography, Planning and Development"
International Journal of Technology and Design Education,,Education,Scopus CiteScore 2025 (Top 10%),Top 10% (Elite Q1),,9.4,1.212,Springer Nature,Education
International Journal of Tourism Cities,,"Geography, Planning and Development",Scopus CiteScore 2025 (Top 10%),Top 10% (Elite Q1),,8.6,0.591,Taylor & Francis,"Geography, Planning and Development"
International Journal of Transgender Health,,Gender Studies,Scopus CiteScore 2025 (Top 10%),Top 10% (Elite Q1),,15.1,2.285,Taylor & Francis,Gender Studies
International Journal of Urban Sciences,,Urban Studies,Scopus CiteScore 2025 (Top 10%),Top 10% (Elite Q1),,7.7,0.949,Taylor & Francis,Urban Studies
International Migration Review,,Demography,Scopus CiteScore 2025 (Top 10%),Top 10% (Elite Q1),,6.3,1.412,SAGE,Demography
International Political Science Review,,Political Science and International Relations,Scopus CiteScore 2025 (Top 10%),Top 10% (Elite Q1),,7.0,1.344,SAGE,Political Science and International Relations
International Review for the Sociology of Sport,,Social Sciences (miscellaneous),Scopus CiteScore 2025 (Top 10%),Top 10% (Elite Q1),,5.6,0.964,SAGE,Social Sciences (miscellaneous)
International Review of Administrative Sciences,,Sociology and Political Science,Scopus CiteScore 2025 (Top 10%),Top 10% (Elite Q1),,7.9,1.163,SAGE,Sociology and Political Science
International Security,,Political Science and International Relations,Scopus CiteScore 2025 (Top 10%),Top 10% (Elite Q1),,9.8,4.166,MIT Press,Political Science and International Relations
International Studies Review,,Political Science and International Relations,Scopus CiteScore 2025 (Top 10%),Top 10% (Elite Q1),,7.0,1.62,Oxford University Press,Political Science and International Relations
Internet Policy Review,,Communication,Scopus CiteScore 2025 (Top 10%),Top 10% (Elite Q1),,7.5,1.15,Alexander von Humboldt Institute for Internet and Society,Communication
Internet Research,,Sociology and Political Science,Scopus CiteScore 2025 (Top 10%),Top 10% (Elite Q1),,14.8,2.207,Emerald Publishing,Sociology and Political Science
Internet and Higher Education,,Education,Scopus CiteScore 2025 (Top 10%),Top 10% (Elite Q1),,13.8,2.97,Elsevier,Education
JMIR Medical Education,,Education,Scopus CiteScore 2025 (Top 10%),Top 10% (Elite Q1),,16.0,2.482,JMIR Publications Inc.,Education
Journal for STEM Education Research,,Education,Scopus CiteScore 2025 (Top 10%),Top 10% (Elite Q1),,8.7,1.483,Springer Nature,Education
Journal of Accounting in Emerging Economies,,Sociology and Political Science,Scopus CiteScore 2025 (Top 10%),Top 10% (Elite Q1),,8.9,0.839,Emerald Publishing,Sociology and Political Science
Journal of Adolescent Research,,Sociology and Political Science,Scopus CiteScore 2025 (Top 10%),Top 10% (Elite Q1),,7.6,1.076,SAGE,Sociology and Political Science
Journal of Advertising,,Communication,Scopus CiteScore 2025 (Top 10%),Top 10% (Elite Q1),,16.9,4.201,Taylor & Francis,Communication
Journal of Applied Learning and Teaching,,Education,Scopus CiteScore 2025 (Top 10%),Top 10% (Elite Q1),,19.2,2.409,Open Access Publishing Association,Education
Journal of Asian Public Policy,,Sociology and Political Science,Scopus CiteScore 2025 (Top 10%),Top 10% (Elite Q1),,6.9,0.586,Taylor & Francis,Sociology and Political Science
Journal of Black Psychology,,Anthropology,Scopus CiteScore 2025 (Top 10%),Top 10% (Elite Q1),,4.9,1.227,SAGE,Anthropology
Journal of Business and Economic Statistics,,Social Sciences (miscellaneous),Scopus CiteScore 2025 (Top 10%),Top 10% (Elite Q1),,5.9,3.508,Taylor & Francis,Social Sciences (miscellaneous)
Journal of Career Assessment,,Education,Scopus CiteScore 2025 (Top 10%),Top 10% (Elite Q1),,7.0,1.413,SAGE,Education
Journal of Career Development,,Education,Scopus CiteScore 2025 (Top 10%),Top 10% (Elite Q1),,9.3,1.277,SAGE,Education
Journal of Chinese Governance,,Political Science and International Relations,Scopus CiteScore 2025 (Top 10%),Top 10% (Elite Q1),,5.6,0.917,Taylor & Francis,Political Science and International Relations
Journal of Chinese Political Science,,Political Science and International Relations,Scopus CiteScore 2025 (Top 10%),Top 10% (Elite Q1),,8.1,1.415,Springer Nature,Political Science and International Relations
"Journal of College Student Retention: Research, Theory and Practice",,Education,Scopus CiteScore 2025 (Top 10%),Top 10% (Elite Q1),,7.1,1.03,SAGE,Education
Journal of Common Market Studies,,Political Science and International Relations,Scopus CiteScore 2025 (Top 10%),Top 10% (Elite Q1),,8.0,1.804,John Wiley & Sons,Political Science and International Relations
Journal of Computer Assisted Learning,,Education,Scopus CiteScore 2025 (Top 10%),Top 10% (Elite Q1),,11.9,2.155,John Wiley & Sons,Education
Journal of Computer Information Systems,,Education,Scopus CiteScore 2025 (Top 10%),Top 10% (Elite Q1),,14.6,0.978,Taylor & Francis,Education
Journal of Computer-Mediated Communication,,Communication,Scopus CiteScore 2025 (Top 10%),Top 10% (Elite Q1),,12.8,2.692,Oxford University Press,Communication
Journal of Computers in Education,,Education,Scopus CiteScore 2025 (Top 10%),Top 10% (Elite Q1),,16.5,1.738,Springer Nature,Education
Journal of Computing in Higher Education,,Education,Scopus CiteScore 2025 (Top 10%),Top 10% (Elite Q1),,15.4,2.132,Springer Nature,Education
Journal of Consumer Research,,Anthropology,Scopus CiteScore 2025 (Top 10%),Top 10% (Elite Q1),,13.9,11.045,Oxford University Press,Anthropology
Journal of Contemporary China,,Political Science and International Relations,Scopus CiteScore 2025 (Top 10%),Top 10% (Elite Q1),,6.5,1.114,Taylor & Francis,Political Science and International Relations
Journal of Current Chinese Affairs,,Political Science and International Relations,Scopus CiteScore 2025 (Top 10%),Top 10% (Elite Q1),,5.4,0.693,SAGE,Political Science and International Relations
Journal of Democracy,,Sociology and Political Science,Scopus CiteScore 2025 (Top 10%),Top 10% (Elite Q1),,7.9,3.142,Johns Hopkins University Press,Sociology and Political Science
Journal of Development Economics,,Development,Scopus CiteScore 2025 (Top 10%),Top 10% (Elite Q1),,8.2,3.381,Elsevier,Development
Journal of Digital Economy,,Social Sciences (miscellaneous),Scopus CiteScore 2025 (Top 10%),Top 10% (Elite Q1),,8.4,0.971,KeAi Communications Co.,Social Sciences (miscellaneous)
Journal of Digital Learning in Teacher Education,,Education,Scopus CiteScore 2025 (Top 10%),Top 10% (Elite Q1),,10.3,2.242,Taylor & Francis,Education
Journal of Diversity in Higher Education,,Education,Scopus CiteScore 2025 (Top 10%),Top 10% (Elite Q1),,7.5,1.121,American Psychological Association,Education
Journal of Early Adolescence,,Social Sciences (miscellaneous),Scopus CiteScore 2025 (Top 10%),Top 10% (Elite Q1),,5.8,1.176,SAGE,Social Sciences (miscellaneous)
Journal of Ecotourism,,"Geography, Planning and Development",Scopus CiteScore 2025 (Top 10%),Top 10% (Elite Q1),,8.4,0.762,Taylor & Francis,"Geography, Planning and Development"
Journal of Education Policy,,Education,Scopus CiteScore 2025 (Top 10%),Top 10% (Elite Q1),,8.2,1.363,Taylor & Francis,Education
Journal of Educational Change,,Education,Scopus CiteScore 2025 (Top 10%),Top 10% (Elite Q1),,7.6,1.584,Springer Nature,Education
Journal of Educational Computing Research,,Education,Scopus CiteScore 2025 (Top 10%),Top 10% (Elite Q1),,14.8,2.457,SAGE,Education
Journal of Engineering Education,,Education,Scopus CiteScore 2025 (Top 10%),Top 10% (Elite Q1),,12.4,2.278,John Wiley & Sons,Education
Journal of Ethnic Foods,,Anthropology,Scopus CiteScore 2025 (Top 10%),Top 10% (Elite Q1),,6.6,0.536,Springer Nature,Anthropology
Journal of Ethnic and Migration Studies,,Demography,Scopus CiteScore 2025 (Top 10%),Top 10% (Elite Q1),,7.2,1.456,Taylor & Francis,Demography
Journal of European Integration,,Political Science and International Relations,Scopus CiteScore 2025 (Top 10%),Top 10% (Elite Q1),,6.7,1.503,Taylor & Francis,Political Science and International Relations
Journal of European Public Policy,,Political Science and International Relations,Scopus CiteScore 2025 (Top 10%),Top 10% (Elite Q1),A,10.7,2.219,Taylor & Francis,Political Science and International Relations
Journal of European Social Policy,,General Social Sciences,Scopus CiteScore 2025 (Top 10%),Top 10% (Elite Q1),,6.8,1.181,SAGE,General Social Sciences
Journal of Experimental Political Science,,Sociology and Political Science,Scopus CiteScore 2025 (Top 10%),Top 10% (Elite Q1),,9.3,2.016,Cambridge University Press,Sociology and Political Science
Journal of Experimental Social Psychology,,Sociology and Political Science,Scopus CiteScore 2025 (Top 10%),Top 10% (Elite Q1),,6.3,1.896,Elsevier,Sociology and Political Science
Journal of Family Theory and Review,,Social Sciences (miscellaneous),Scopus CiteScore 2025 (Top 10%),Top 10% (Elite Q1),,6.8,1.662,John Wiley & Sons,Social Sciences (miscellaneous)
Journal of Gender Studies,,Gender Studies,Scopus CiteScore 2025 (Top 10%),Top 10% (Elite Q1),,5.5,0.807,Taylor & Francis,Gender Studies
Journal of Geovisualization and Spatial Analysis,,"Geography, Planning and Development",Scopus CiteScore 2025 (Top 10%),Top 10% (Elite Q1),,11.8,1.361,Springer Nature,"Geography, Planning and Development"
Journal of Happiness Studies,,Social Sciences (miscellaneous),Scopus CiteScore 2025 (Top 10%),Top 10% (Elite Q1),,7.1,1.378,Springer Nature,Social Sciences (miscellaneous)
Journal of Homosexuality,,Gender Studies,Scopus CiteScore 2025 (Top 10%),Top 10% (Elite Q1),,5.5,0.857,Taylor & Francis,Gender Studies
Journal of Hospitality and Tourism Research,,Education,Scopus CiteScore 2025 (Top 10%),Top 10% (Elite Q1),,14.3,1.953,SAGE,Education
"Journal of Hospitality, Leisure, Sport and Tourism Education",,Education,Scopus CiteScore 2025 (Top 10%),Top 10% (Elite Q1),,9.4,0.952,Elsevier,Education
Journal of Human Evolution,,Anthropology,Scopus CiteScore 2025 (Top 10%),Top 10% (Elite Q1),,6.1,1.585,Elsevier,Anthropology
Journal of Human Trafficking,,Anthropology,Scopus CiteScore 2025 (Top 10%),Top 10% (Elite Q1),,4.5,0.519,Taylor & Francis,Anthropology
Journal of Industrial Ecology,,General Social Sciences,Scopus CiteScore 2025 (Top 10%),Top 10% (Elite Q1),,12.0,1.741,Springer Nature,General Social Sciences
Journal of Information Technology and Politics,,Sociology and Political Science,Scopus CiteScore 2025 (Top 10%),Top 10% (Elite Q1),,7.1,1.168,Taylor & Francis,Sociology and Political Science
Journal of Innovation and Entrepreneurship,,Sociology and Political Science,Scopus CiteScore 2025 (Top 10%),Top 10% (Elite Q1),,9.4,1.056,Springer Nature,Sociology and Political Science
Journal of Intellectual Capital,,Education,Scopus CiteScore 2025 (Top 10%),Top 10% (Elite Q1),,14.9,1.382,Emerald Publishing,Education
Journal of Interactive Advertising,,Communication,Scopus CiteScore 2025 (Top 10%),Top 10% (Elite Q1),,11.5,2.648,Taylor & Francis,Communication
Journal of International Business Studies,,General Social Sciences,Scopus CiteScore 2025 (Top 10%),Top 10% (Elite Q1),,17.6,4.454,Springer Nature,General Social Sciences
Journal of International Relations and Development,,Political Science and International Relations,Scopus CiteScore 2025 (Top 10%),Top 10% (Elite Q1),,5.8,1.278,Springer Nature,Political Science and International Relations
Journal of LGBT Youth,,Gender Studies,Scopus CiteScore 2025 (Top 10%),Top 10% (Elite Q1),,6.2,0.761,Taylor & Francis,Gender Studies
Journal of Language and Sexuality,,Anthropology,Scopus CiteScore 2025 (Top 10%),Top 10% (Elite Q1),,4.6,0.672,John Benjamins Publishing Company,Anthropology
Journal of Language and Social Psychology,,Anthropology,Scopus CiteScore 2025 (Top 10%),Top 10% (Elite Q1),,4.7,0.814,SAGE,Anthropology
Journal of Leadership and Organizational Studies,,Sociology and Political Science,Scopus CiteScore 2025 (Top 10%),Top 10% (Elite Q1),,11.9,1.539,SAGE,Sociology and Political Science
Journal of Marketing Education,,Education,Scopus CiteScore 2025 (Top 10%),Top 10% (Elite Q1),,8.9,0.88,SAGE,Education
Journal of Marketing for Higher Education,,Education,Scopus CiteScore 2025 (Top 10%),Top 10% (Elite Q1),,9.6,1.181,Taylor & Francis,Education
Journal of Marriage and Family,,Anthropology,Scopus CiteScore 2025 (Top 10%),Top 10% (Elite Q1),,6.4,1.821,John Wiley & Sons,Anthropology
Journal of Metaverse,,Social Sciences (miscellaneous),Scopus CiteScore 2025 (Top 10%),Top 10% (Elite Q1),,17.0,1.054,Izmir Academy Association,Social Sciences (miscellaneous)
Journal of Mixed Methods Research,,Social Sciences (miscellaneous),Scopus CiteScore 2025 (Top 10%),Top 10% (Elite Q1),,13.8,3.24,SAGE,Social Sciences (miscellaneous)
Journal of New Approaches in Educational Research,,Education,Scopus CiteScore 2025 (Top 10%),Top 10% (Elite Q1),,11.6,1.609,Springer Nature,Education
"Journal of Open Innovation: Technology, Market, and Complexity",,Sociology and Political Science,Scopus CiteScore 2025 (Top 10%),Top 10% (Elite Q1),,16.0,1.397,Elsevier,Sociology and Political Science
Journal of Organizational Behavior,,Sociology and Political Science,Scopus CiteScore 2025 (Top 10%),Top 10% (Elite Q1),,14.2,3.999,John Wiley & Sons,Sociology and Political Science
Journal of Peace Research,,Political Science and International Relations,Scopus CiteScore 2025 (Top 10%),Top 10% (Elite Q1),,5.6,2.298,Oxford University Press,Political Science and International Relations
Journal of Personality and Social Psychology,,Sociology and Political Science,Scopus CiteScore 2025 (Top 10%),Top 10% (Elite Q1),,13.4,3.767,American Psychological Association,Sociology and Political Science
Journal of Physiological Anthropology,,Anthropology,Scopus CiteScore 2025 (Top 10%),Top 10% (Elite Q1),,6.1,0.925,Springer Nature,Anthropology
Journal of Planning Education and Research,,Urban Studies,Scopus CiteScore 2025 (Top 10%),Top 10% (Elite Q1),,7.3,1.054,SAGE,Urban Studies
Journal of Planning Literature,,"Geography, Planning and Development",Scopus CiteScore 2025 (Top 10%),Top 10% (Elite Q1),,11.0,1.963,SAGE,"Geography, Planning and Development"
Journal of Political Marketing,,Sociology and Political Science,Scopus CiteScore 2025 (Top 10%),Top 10% (Elite Q1),,6.9,0.675,Taylor & Francis,Sociology and Political Science
Journal of Politics,,Sociology and Political Science,Scopus CiteScore 2025 (Top 10%),Top 10% (Elite Q1),,6.9,3.492,University of Chicago Press,Sociology and Political Science
Journal of Public Administration Research and Theory,,Sociology and Political Science,Scopus CiteScore 2025 (Top 10%),Top 10% (Elite Q1),A,11.0,3.301,Oxford University Press,Sociology and Political Science
Journal of Public Affairs,,Political Science and International Relations,Scopus CiteScore 2025 (Top 10%),Top 10% (Elite Q1),,8.0,0.503,John Wiley & Sons,Political Science and International Relations
Journal of Public Relations Research,,Sociology and Political Science,Scopus CiteScore 2025 (Top 10%),Top 10% (Elite Q1),,7.2,1.255,Taylor & Francis,Sociology and Political Science
Journal of Racial and Ethnic Health Disparities,,Anthropology,Scopus CiteScore 2025 (Top 10%),Top 10% (Elite Q1),,7.1,1.255,Springer Nature,Anthropology
Journal of Remote Sensing (United States),,"Geography, Planning and Development",Scopus CiteScore 2025 (Top 10%),Top 10% (Elite Q1),,11.4,2.727,American Association for the Advancement of Science,"Geography, Planning and Development"
Journal of Research in Innovative Teaching and Learning,,Education,Scopus CiteScore 2025 (Top 10%),Top 10% (Elite Q1),,9.9,0.969,Emerald Publishing,Education
Journal of Research in Science Teaching,,Education,Scopus CiteScore 2025 (Top 10%),Top 10% (Elite Q1),,9.3,1.939,John Wiley & Sons,Education
Journal of Research on Technology in Education,,Education,Scopus CiteScore 2025 (Top 10%),Top 10% (Elite Q1),,17.9,2.172,Taylor & Francis,Education
Journal of Rural Studies,,Sociology and Political Science,Scopus CiteScore 2025 (Top 10%),Top 10% (Elite Q1),,10.9,1.731,Elsevier,Sociology and Political Science
Journal of Science Education and Technology,,Education,Scopus CiteScore 2025 (Top 10%),Top 10% (Elite Q1),,10.9,1.74,Springer Nature,Education
Journal of Social Entrepreneurship,,Development,Scopus CiteScore 2025 (Top 10%),Top 10% (Elite Q1),,8.3,0.9,Taylor & Francis,Development
Journal of Social Issues,,General Social Sciences,Scopus CiteScore 2025 (Top 10%),Top 10% (Elite Q1),,9.6,1.309,John Wiley & Sons,General Social Sciences
Journal of Social Policy,,Social Sciences (miscellaneous),Scopus CiteScore 2025 (Top 10%),Top 10% (Elite Q1),,7.0,1.335,Cambridge University Press,Social Sciences (miscellaneous)
Journal of Studies in International Education,,Education,Scopus CiteScore 2025 (Top 10%),Top 10% (Elite Q1),,7.5,0.894,SAGE,Education
Journal of Sustainable Tourism,,"Geography, Planning and Development",Scopus CiteScore 2025 (Top 10%),Top 10% (Elite Q1),,22.8,2.381,Taylor & Francis,"Geography, Planning and Development"
Journal of Teacher Education,,Education,Scopus CiteScore 2025 (Top 10%),Top 10% (Elite Q1),,8.2,1.825,SAGE,Education
Journal of Tourism Futures,,"Geography, Planning and Development",Scopus CiteScore 2025 (Top 10%),Top 10% (Elite Q1),,23.1,1.415,Emerald Publishing,"Geography, Planning and Development"
Journal of Transport Geography,,"Geography, Planning and Development",Scopus CiteScore 2025 (Top 10%),Top 10% (Elite Q1),,10.0,1.688,Elsevier,"Geography, Planning and Development"
Journal of Travel Research,,"Geography, Planning and Development",Scopus CiteScore 2025 (Top 10%),Top 10% (Elite Q1),,22.7,3.127,SAGE,"Geography, Planning and Development"
Journal of Trust Research,,Sociology and Political Science,Scopus CiteScore 2025 (Top 10%),Top 10% (Elite Q1),,6.0,1.067,Taylor & Francis,Sociology and Political Science
Journal of University Teaching and Learning Practice,,Education,Scopus CiteScore 2025 (Top 10%),Top 10% (Elite Q1),,8.9,1.164,Open Access Publishing Association,Education
Journal of Urban Economics,,Urban Studies,Scopus CiteScore 2025 (Top 10%),Top 10% (Elite Q1),,9.2,2.957,Elsevier,Urban Studies
Journal of Urban Management,,Urban Studies,Scopus CiteScore 2025 (Top 10%),Top 10% (Elite Q1),,8.5,1.142,Elsevier,Urban Studies
Journal of Urban Mobility,,"Geography, Planning and Development",Scopus CiteScore 2025 (Top 10%),Top 10% (Elite Q1),,8.8,1.621,Elsevier,"Geography, Planning and Development"
Journal of Urban Technology,,Urban Studies,Scopus CiteScore 2025 (Top 10%),Top 10% (Elite Q1),,8.4,1.065,Taylor & Francis,Urban Studies
Journal of Work-Applied Management,,Education,Scopus CiteScore 2025 (Top 10%),Top 10% (Elite Q1),,8.6,0.775,Emerald Publishing,Education
Journal of Youth Studies,,General Social Sciences,Scopus CiteScore 2025 (Top 10%),Top 10% (Elite Q1),,7.0,1.178,Taylor & Francis,General Social Sciences
Journal of Youth and Adolescence,,Social Sciences (miscellaneous),Scopus CiteScore 2025 (Top 10%),Top 10% (Elite Q1),,7.6,1.893,Springer Nature,Social Sciences (miscellaneous)
Journal of the American Planning Association,,Urban Studies,Scopus CiteScore 2025 (Top 10%),Top 10% (Elite Q1),,8.4,1.697,Taylor & Francis,Urban Studies
Journal of the Learning Sciences,,Education,Scopus CiteScore 2025 (Top 10%),Top 10% (Elite Q1),,7.5,1.517,Taylor & Francis,Education
Journalism Practice,,Communication,Scopus CiteScore 2025 (Top 10%),Top 10% (Elite Q1),,7.7,1.57,Taylor & Francis,Communication
Journalism and Mass Communication Educator,,Communication,Scopus CiteScore 2025 (Top 10%),Top 10% (Elite Q1),,10.7,1.108,SAGE,Communication
Journalism and Mass Communication Quarterly,,Communication,Scopus CiteScore 2025 (Top 10%),Top 10% (Elite Q1),,7.3,1.136,SAGE,Communication
Journals of Gerontology - Series B Psychological Sciences and Social Sciences,,Sociology and Political Science,Scopus CiteScore 2025 (Top 10%),Top 10% (Elite Q1),,6.8,1.503,Gerontological Society of America,Sociology and Political Science
Kybernetes,,General Social Sciences,Scopus CiteScore 2025 (Top 10%),Top 10% (Elite Q1),,7.7,0.654,Emerald Publishing,General Social Sciences
Land Use Policy,,"Geography, Planning and Development",Scopus CiteScore 2025 (Top 10%),Top 10% (Elite Q1),,14.0,1.686,Elsevier,"Geography, Planning and Development"
Landscape and Urban Planning,,Urban Studies,Scopus CiteScore 2025 (Top 10%),Top 10% (Elite Q1),,19.6,2.952,Elsevier,Urban Studies
Leadership Quarterly,,Sociology and Political Science,Scopus CiteScore 2025 (Top 10%),Top 10% (Elite Q1),,19.1,6.124,Elsevier,Sociology and Political Science
Learning Environments Research,,Communication,Scopus CiteScore 2025 (Top 10%),Top 10% (Elite Q1),,8.7,1.305,Springer Nature,Communication
Learning Organization,,Education,Scopus CiteScore 2025 (Top 10%),Top 10% (Elite Q1),,7.2,0.773,Emerald Publishing,Education
Learning and Instruction,,Education,Scopus CiteScore 2025 (Top 10%),Top 10% (Elite Q1),,9.2,2.533,Elsevier,Education
"Learning, Media and Technology",,Education,Scopus CiteScore 2025 (Top 10%),Top 10% (Elite Q1),,10.5,1.578,Taylor & Francis,Education
Learning: Research and Practice,,Education,Scopus CiteScore 2025 (Top 10%),Top 10% (Elite Q1),,9.6,1.76,Taylor & Francis,Education
Leisure Sciences,,Sociology and Political Science,Scopus CiteScore 2025 (Top 10%),Top 10% (Elite Q1),,6.3,0.724,Taylor & Francis,Sociology and Political Science
Long Range Planning,,"Geography, Planning and Development",Scopus CiteScore 2025 (Top 10%),Top 10% (Elite Q1),,12.6,2.815,Elsevier,"Geography, Planning and Development"
Mass Communication and Society,,Communication,Scopus CiteScore 2025 (Top 10%),Top 10% (Elite Q1),,6.2,1.273,Taylor & Francis,Communication
Mathematical Finance,,Social Sciences (miscellaneous),Scopus CiteScore 2025 (Top 10%),Top 10% (Elite Q1),,5.7,1.761,John Wiley & Sons,Social Sciences (miscellaneous)
Media Psychology,,Communication,Scopus CiteScore 2025 (Top 10%),Top 10% (Elite Q1),,7.8,1.478,Taylor & Francis,Communication
"Media, Culture and Society",,Sociology and Political Science,Scopus CiteScore 2025 (Top 10%),Top 10% (Elite Q1),,7.2,1.957,SAGE,Sociology and Political Science
Metacognition and Learning,,Education,Scopus CiteScore 2025 (Top 10%),Top 10% (Elite Q1),,9.4,1.845,Springer Nature,Education
Mineral Economics,,"Geography, Planning and Development",Scopus CiteScore 2025 (Top 10%),Top 10% (Elite Q1),,7.9,1.068,Springer Nature,"Geography, Planning and Development"
Minerva,,General Social Sciences,Scopus CiteScore 2025 (Top 10%),Top 10% (Elite Q1),,6.9,1.005,Springer Nature,General Social Sciences
Mobilities,,Demography,Scopus CiteScore 2025 (Top 10%),Top 10% (Elite Q1),,5.3,0.902,Taylor & Francis,Demography
Multimodal Transportation,,"Geography, Planning and Development",Scopus CiteScore 2025 (Top 10%),Top 10% (Elite Q1),,10.9,1.302,Elsevier,"Geography, Planning and Development"
Nature Climate Change,,Social Sciences (miscellaneous),Scopus CiteScore 2025 (Top 10%),Top 10% (Elite Q1),,39.0,7.978,Springer Nature,Social Sciences (miscellaneous)
Nature Sustainability,,"Geography, Planning and Development",Scopus CiteScore 2025 (Top 10%),Top 10% (Elite Q1),,44.1,7.896,Springer Nature,"Geography, Planning and Development"
New Left Review,,Political Science and International Relations,Scopus CiteScore 2025 (Top 10%),Top 10% (Elite Q1),,6.8,0.622,New Left Review Subscriptions,Political Science and International Relations
New Media and Society,,Sociology and Political Science,Scopus CiteScore 2025 (Top 10%),Top 10% (Elite Q1),,14.3,2.723,SAGE,Sociology and Political Science
New Political Economy,,Political Science and International Relations,Scopus CiteScore 2025 (Top 10%),Top 10% (Elite Q1),,9.5,1.809,Taylor & Francis,Political Science and International Relations
Nonprofit and Voluntary Sector Quarterly,,Social Sciences (miscellaneous),Scopus CiteScore 2025 (Top 10%),Top 10% (Elite Q1),,6.9,1.285,SAGE,Social Sciences (miscellaneous)
Online Social Networks and Media,,Communication,Scopus CiteScore 2025 (Top 10%),Top 10% (Elite Q1),,8.2,0.649,Elsevier,Communication
Open Learning,,Education,Scopus CiteScore 2025 (Top 10%),Top 10% (Elite Q1),,9.1,0.65,Taylor & Francis,Education
Organizational Dynamics,,Sociology and Political Science,Scopus CiteScore 2025 (Top 10%),Top 10% (Elite Q1),,6.8,1.594,Elsevier,Sociology and Political Science
Pacific Review,,Sociology and Political Science,Scopus CiteScore 2025 (Top 10%),Top 10% (Elite Q1),,6.3,1.152,Taylor & Francis,Sociology and Political Science
Party Politics,,Sociology and Political Science,Scopus CiteScore 2025 (Top 10%),Top 10% (Elite Q1),,6.2,1.93,SAGE,Sociology and Political Science
Perspectives on Politics,,Political Science and International Relations,Scopus CiteScore 2025 (Top 10%),Top 10% (Elite Q1),,9.4,2.923,Cambridge University Press,Political Science and International Relations
Perspectives on Public Management and Governance,,Public Administration,Scopus CiteScore 2025 (Top 10%),Top 10% (Elite Q1),,7.2,1.988,Oxford University Press,Public Administration
Planning Theory,,"Geography, Planning and Development",Scopus CiteScore 2025 (Top 10%),Top 10% (Elite Q1),,7.8,1.46,SAGE,"Geography, Planning and Development"
Policy Design and Practice,,Political Science and International Relations,Scopus CiteScore 2025 (Top 10%),Top 10% (Elite Q1),,6.5,0.867,Taylor & Francis,Political Science and International Relations
Policy Sciences,,General Social Sciences,Scopus CiteScore 2025 (Top 10%),Top 10% (Elite Q1),,6.8,1.273,Springer Nature,General Social Sciences
Policy Studies,,Political Science and International Relations,Scopus CiteScore 2025 (Top 10%),Top 10% (Elite Q1),,7.0,0.898,Taylor & Francis,Political Science and International Relations
Policy Studies Journal,,Sociology and Political Science,Scopus CiteScore 2025 (Top 10%),Top 10% (Elite Q1),A,9.9,1.363,John Wiley & Sons,Sociology and Political Science
Policy and Society,,Political Science and International Relations,Scopus CiteScore 2025 (Top 10%),Top 10% (Elite Q1),,13.6,1.442,Oxford University Press,Political Science and International Relations
Political Analysis,,Political Science and International Relations,Scopus CiteScore 2025 (Top 10%),Top 10% (Elite Q1),,13.5,4.368,Cambridge University Press,Political Science and International Relations
Political Behavior,,Sociology and Political Science,Scopus CiteScore 2025 (Top 10%),Top 10% (Elite Q1),,9.0,2.955,Springer Nature,Sociology and Political Science
Political Communication,,Sociology and Political Science,Scopus CiteScore 2025 (Top 10%),Top 10% (Elite Q1),,11.2,2.907,Taylor & Francis,Sociology and Political Science
Political Science Research and Methods,,Political Science and International Relations,Scopus CiteScore 2025 (Top 10%),Top 10% (Elite Q1),,6.2,2.574,Cambridge University Press,Political Science and International Relations
Political Studies,,Sociology and Political Science,Scopus CiteScore 2025 (Top 10%),Top 10% (Elite Q1),,8.2,1.989,SAGE,Sociology and Political Science
Politics,,Political Science and International Relations,Scopus CiteScore 2025 (Top 10%),Top 10% (Elite Q1),,7.3,1.088,SAGE,Political Science and International Relations
Politics and Gender,,Gender Studies,Scopus CiteScore 2025 (Top 10%),Top 10% (Elite Q1),,6.1,1.847,Cambridge University Press,Gender Studies
Politics and Society,,Political Science and International Relations,Scopus CiteScore 2025 (Top 10%),Top 10% (Elite Q1),,7.6,1.482,SAGE,Political Science and International Relations
Population and Development Review,,Demography,Scopus CiteScore 2025 (Top 10%),Top 10% (Elite Q1),,7.9,1.616,John Wiley & Sons,Demography
Post-Soviet Affairs,,Political Science and International Relations,Scopus CiteScore 2025 (Top 10%),Top 10% (Elite Q1),,7.6,1.707,Taylor & Francis,Political Science and International Relations
Proceedings of the ACM on Human-Computer Interaction,,Social Sciences (miscellaneous),Scopus CiteScore 2025 (Top 10%),Top 10% (Elite Q1),,7.5,0.498,Association for Computing Machinery,Social Sciences (miscellaneous)
Professional Development in Education,,Education,Scopus CiteScore 2025 (Top 10%),Top 10% (Elite Q1),,8.2,1.342,Taylor & Francis,Education
Progress in Environmental Geography,,Sociology and Political Science,Scopus CiteScore 2025 (Top 10%),Top 10% (Elite Q1),,8.3,,SAGE,Sociology and Political Science
Progress in Human Geography,,"Geography, Planning and Development",Scopus CiteScore 2025 (Top 10%),Top 10% (Elite Q1),,14.9,3.279,SAGE,"Geography, Planning and Development"
Progress in Planning,,"Geography, Planning and Development",Scopus CiteScore 2025 (Top 10%),Top 10% (Elite Q1),,14.3,1.671,Elsevier,"Geography, Planning and Development"
Project Leadership and Society,,Sociology and Political Science,Scopus CiteScore 2025 (Top 10%),Top 10% (Elite Q1),,9.2,1.036,Elsevier,Sociology and Political Science
Psychology and Sexuality,,Gender Studies,Scopus CiteScore 2025 (Top 10%),Top 10% (Elite Q1),,5.4,0.873,Taylor & Francis,Gender Studies
Psychology of Men and Masculinity,,Gender Studies,Scopus CiteScore 2025 (Top 10%),Top 10% (Elite Q1),,5.0,0.961,American Psychological Association,Gender Studies
Psychology of Sexual Orientation and Gender Diversity,,Gender Studies,Scopus CiteScore 2025 (Top 10%),Top 10% (Elite Q1),,9.4,1.255,American Psychological Association,Gender Studies
Psychology of Women Quarterly,,Gender Studies,Scopus CiteScore 2025 (Top 10%),Top 10% (Elite Q1),,6.0,1.238,SAGE,Gender Studies
Public Administration,,Sociology and Political Science,Scopus CiteScore 2025 (Top 10%),Top 10% (Elite Q1),,11.9,2.723,John Wiley & Sons,Sociology and Political Science
Public Administration Review,,Sociology and Political Science,Scopus CiteScore 2025 (Top 10%),Top 10% (Elite Q1),A,11.3,3.305,John Wiley & Sons,Sociology and Political Science
Public Management Review,,Public Administration,Scopus CiteScore 2025 (Top 10%),Top 10% (Elite Q1),,11.5,2.54,Taylor & Francis,Public Administration
Public Policy and Administration,,Sociology and Political Science,Scopus CiteScore 2025 (Top 10%),Top 10% (Elite Q1),,10.3,1.011,SAGE,Sociology and Political Science
Public Relations Review,,Communication,Scopus CiteScore 2025 (Top 10%),Top 10% (Elite Q1),,7.3,1.215,Elsevier,Communication
Quality and Quantity,,General Social Sciences,Scopus CiteScore 2025 (Top 10%),Top 10% (Elite Q1),,7.5,0.828,Springer Nature,General Social Sciences
RIED-Revista Iberoamericana de Educacion a Distancia,,Education,Scopus CiteScore 2025 (Top 10%),Top 10% (Elite Q1),,8.2,0.731,Ibero-American Association for Distance Higher Education (AIESAD),Education
RSF,,Social Sciences (miscellaneous),Scopus CiteScore 2025 (Top 10%),Top 10% (Elite Q1),,10.4,1.532,Russell Sage Foundation,Social Sciences (miscellaneous)
Race and Justice,,Anthropology,Scopus CiteScore 2025 (Top 10%),Top 10% (Elite Q1),,6.7,0.813,SAGE,Anthropology
Regional Studies,,General Social Sciences,Scopus CiteScore 2025 (Top 10%),Top 10% (Elite Q1),,10.0,1.883,Taylor & Francis,General Social Sciences
Regional Sustainability,,Urban Studies,Scopus CiteScore 2025 (Top 10%),Top 10% (Elite Q1),,8.9,1.081,KeAi Communications Co.,Urban Studies
Remote Sensing Applications: Society and Environment,,"Geography, Planning and Development",Scopus CiteScore 2025 (Top 10%),Top 10% (Elite Q1),,8.1,1.074,Elsevier,"Geography, Planning and Development"
Research Synthesis Methods,,Education,Scopus CiteScore 2025 (Top 10%),Top 10% (Elite Q1),,12.1,3.143,Cambridge University Press,Education
Research and Practice in Technology Enhanced Learning,,Social Psychology,Scopus CiteScore 2025 (Top 10%),Top 10% (Elite Q1),,8.6,1.027,Asia-Pacific Society for Computers in Education,Social Psychology
Research in Globalization,,Urban Studies,Scopus CiteScore 2025 (Top 10%),Top 10% (Elite Q1),,8.7,0.999,Elsevier,Urban Studies
Research in Science Education,,Education,Scopus CiteScore 2025 (Top 10%),Top 10% (Elite Q1),,7.2,1.199,Springer Nature,Education
Review of Economics and Political Science,,Political Science and International Relations,Scopus CiteScore 2025 (Top 10%),Top 10% (Elite Q1),,6.9,0.595,Emerald Publishing,Political Science and International Relations
Review of Economics and Statistics,,Social Sciences (miscellaneous),Scopus CiteScore 2025 (Top 10%),Top 10% (Elite Q1),,10.0,8.83,MIT Press,Social Sciences (miscellaneous)
Review of Educational Research,,Education,Scopus CiteScore 2025 (Top 10%),Top 10% (Elite Q1),,22.4,5.04,SAGE,Education
Review of International Organizations,,Political Science and International Relations,Scopus CiteScore 2025 (Top 10%),Top 10% (Elite Q1),,8.7,2.208,Springer Nature,Political Science and International Relations
Review of International Political Economy,,Political Science and International Relations,Scopus CiteScore 2025 (Top 10%),Top 10% (Elite Q1),,11.0,2.508,Taylor & Francis,Political Science and International Relations
Review of International Studies,,Political Science and International Relations,Scopus CiteScore 2025 (Top 10%),Top 10% (Elite Q1),,7.3,1.609,Cambridge University Press,Political Science and International Relations
Review of Policy Research,,Political Science and International Relations,Scopus CiteScore 2025 (Top 10%),Top 10% (Elite Q1),,7.7,1.024,John Wiley & Sons,Political Science and International Relations
Review of Public Personnel Administration,,Public Administration,Scopus CiteScore 2025 (Top 10%),Top 10% (Elite Q1),,9.8,1.952,SAGE,Public Administration
Review of Research in Education,,Education,Scopus CiteScore 2025 (Top 10%),Top 10% (Elite Q1),,6.9,0.944,SAGE,Education
Revista de Psicodidactica,,Education,Scopus CiteScore 2025 (Top 10%),Top 10% (Elite Q1),,7.6,1.063,Escuela Universitaria de Magisterio,Education
School Psychology Review,,Education,Scopus CiteScore 2025 (Top 10%),Top 10% (Elite Q1),,10.5,1.813,Taylor & Francis,Education
Science Communication,,Sociology and Political Science,Scopus CiteScore 2025 (Top 10%),Top 10% (Elite Q1),,7.9,1.255,SAGE,Sociology and Political Science
Science Technology and Human Values,,Anthropology,Scopus CiteScore 2025 (Top 10%),Top 10% (Elite Q1),,8.1,1.141,SAGE,Anthropology
Scientometrics,,General Social Sciences,Scopus CiteScore 2025 (Top 10%),Top 10% (Elite Q1),,6.9,1.077,Springer Nature,General Social Sciences
Sex Roles,,Gender Studies,Scopus CiteScore 2025 (Top 10%),Top 10% (Elite Q1),,5.5,1.225,Springer Nature,Gender Studies
Sexualities,,Anthropology,Scopus CiteScore 2025 (Top 10%),Top 10% (Elite Q1),,4.8,0.742,SAGE,Anthropology
Sexuality Research and Social Policy,,Gender Studies,Scopus CiteScore 2025 (Top 10%),Top 10% (Elite Q1),,6.0,1.082,Springer Nature,Gender Studies
Sleep Health,,Social Sciences (miscellaneous),Scopus CiteScore 2025 (Top 10%),Top 10% (Elite Q1),,6.3,1.363,Elsevier,Social Sciences (miscellaneous)
Smart Cities,,Urban Studies,Scopus CiteScore 2025 (Top 10%),Top 10% (Elite Q1),,13.0,1.193,Multidisciplinary Digital Publishing Institute (MDPI),Urban Studies
Smart Learning Environments,,Education,Scopus CiteScore 2025 (Top 10%),Top 10% (Elite Q1),,33.4,4.239,Springer Nature,Education
Social Issues and Policy Review,,Sociology and Political Science,Scopus CiteScore 2025 (Top 10%),Top 10% (Elite Q1),,15.0,2.273,John Wiley & Sons,Sociology and Political Science
Social Network Analysis and Mining,,Communication,Scopus CiteScore 2025 (Top 10%),Top 10% (Elite Q1),,8.4,0.675,Springer Nature,Communication
Social Networks,,Anthropology,Scopus CiteScore 2025 (Top 10%),Top 10% (Elite Q1),,6.3,1.203,Elsevier,Anthropology
Social Policy and Society,,Political Science and International Relations,Scopus CiteScore 2025 (Top 10%),Top 10% (Elite Q1),,6.5,0.734,Cambridge University Press,Political Science and International Relations
Social Problems,,Sociology and Political Science,Scopus CiteScore 2025 (Top 10%),Top 10% (Elite Q1),,7.0,1.695,Oxford University Press,Sociology and Political Science
Social Responsibility Journal,,Social Sciences (miscellaneous),Scopus CiteScore 2025 (Top 10%),Top 10% (Elite Q1),,9.6,0.973,Emerald Publishing,Social Sciences (miscellaneous)
Social Science Journal,,Sociology and Political Science,Scopus CiteScore 2025 (Top 10%),Top 10% (Elite Q1),,6.4,0.536,Taylor & Francis,Sociology and Political Science
Socio-Economic Planning Sciences,,"Geography, Planning and Development",Scopus CiteScore 2025 (Top 10%),Top 10% (Elite Q1),,11.9,1.22,Elsevier,"Geography, Planning and Development"
Sociologia Ruralis,,Sociology and Political Science,Scopus CiteScore 2025 (Top 10%),Top 10% (Elite Q1),,9.1,1.231,John Wiley & Sons,Sociology and Political Science
Sociological Methods and Research,,Sociology and Political Science,Scopus CiteScore 2025 (Top 10%),Top 10% (Elite Q1),,16.2,3.471,SAGE,Sociology and Political Science
Sociological Theory,,Sociology and Political Science,Scopus CiteScore 2025 (Top 10%),Top 10% (Elite Q1),,8.0,2.457,SAGE,Sociology and Political Science
Sociology,,Sociology and Political Science,Scopus CiteScore 2025 (Top 10%),Top 10% (Elite Q1),,6.6,1.558,SAGE,Sociology and Political Science
Sociology of Education,,Sociology and Political Science,Scopus CiteScore 2025 (Top 10%),Top 10% (Elite Q1),,6.5,1.601,SAGE,Sociology and Political Science
Sociology of Race and Ethnicity,,Anthropology,Scopus CiteScore 2025 (Top 10%),Top 10% (Elite Q1),,5.7,1.381,SAGE,Anthropology
South African Journal of Chemical Engineering,,Education,Scopus CiteScore 2025 (Top 10%),Top 10% (Elite Q1),,10.4,0.962,Elsevier,Education
Sports Coaching Review,,Social Sciences (miscellaneous),Scopus CiteScore 2025 (Top 10%),Top 10% (Elite Q1),,6.2,1.096,Taylor & Francis,Social Sciences (miscellaneous)
Strategic Organization,,Education,Scopus CiteScore 2025 (Top 10%),Top 10% (Elite Q1),,11.8,4.36,SAGE,Education
Studies in Conflict and Terrorism,,Political Science and International Relations,Scopus CiteScore 2025 (Top 10%),Top 10% (Elite Q1),,5.7,0.79,Taylor & Francis,Political Science and International Relations
Studies in Higher Education,,Education,Scopus CiteScore 2025 (Top 10%),Top 10% (Elite Q1),,11.4,1.99,Taylor & Francis,Education
Studies in Science Education,,Education,Scopus CiteScore 2025 (Top 10%),Top 10% (Elite Q1),,27.1,3.3,Taylor & Francis,Education
Sustainability (Switzerland),,"Geography, Planning and Development",Scopus CiteScore 2025 (Top 10%),Top 10% (Elite Q1),,8.9,0.75,Multidisciplinary Digital Publishing Institute (MDPI),"Geography, Planning and Development"
Sustainability Science,,Sociology and Political Science,Scopus CiteScore 2025 (Top 10%),Top 10% (Elite Q1),,12.4,1.554,Springer Nature,Sociology and Political Science
"Sustainability: Science, Practice, and Policy",,"Geography, Planning and Development",Scopus CiteScore 2025 (Top 10%),Top 10% (Elite Q1),,9.2,1.381,Taylor & Francis,"Geography, Planning and Development"
Sustainable Development,,Development,Scopus CiteScore 2025 (Top 10%),Top 10% (Elite Q1),,13.6,1.799,John Wiley & Sons,Development
System Dynamics Review,,Social Sciences (miscellaneous),Scopus CiteScore 2025 (Top 10%),Top 10% (Elite Q1),,6.0,1.097,John Wiley & Sons,Social Sciences (miscellaneous)
Teaching and Teacher Education,,Education,Scopus CiteScore 2025 (Top 10%),Top 10% (Elite Q1),,8.5,1.779,Elsevier,Education
Teaching in Higher Education,,Education,Scopus CiteScore 2025 (Top 10%),Top 10% (Elite Q1),,12.2,1.715,Taylor & Francis,Education
TechTrends,,Education,Scopus CiteScore 2025 (Top 10%),Top 10% (Elite Q1),,9.9,1.506,Springer Nature,Education
Technology in Society,,Sociology and Political Science,Scopus CiteScore 2025 (Top 10%),Top 10% (Elite Q1),,25.4,2.788,Elsevier,Sociology and Political Science
"Technology, Knowledge and Learning",,Education,Scopus CiteScore 2025 (Top 10%),Top 10% (Elite Q1),,12.8,1.39,Springer Nature,Education
"Technology, Pedagogy and Education",,Communication,Scopus CiteScore 2025 (Top 10%),Top 10% (Elite Q1),,7.0,0.903,Taylor & Francis,Communication
Telecommunications Policy,,Communication,Scopus CiteScore 2025 (Top 10%),Top 10% (Elite Q1),,12.7,1.519,Elsevier,Communication
"Territory, Politics, Governance",,Political Science and International Relations,Scopus CiteScore 2025 (Top 10%),Top 10% (Elite Q1),,6.6,0.999,Taylor & Francis,Political Science and International Relations
Terrorism and Political Violence,,Political Science and International Relations,Scopus CiteScore 2025 (Top 10%),Top 10% (Elite Q1),,6.7,1.328,Taylor & Francis,Political Science and International Relations
Thinking Skills and Creativity,,Education,Scopus CiteScore 2025 (Top 10%),Top 10% (Elite Q1),,9.2,1.715,Elsevier,Education
Tourism Economics,,"Geography, Planning and Development",Scopus CiteScore 2025 (Top 10%),Top 10% (Elite Q1),,10.0,0.998,SAGE,"Geography, Planning and Development"
Tourism Geographies,,"Geography, Planning and Development",Scopus CiteScore 2025 (Top 10%),Top 10% (Elite Q1),,11.7,1.4,Taylor & Francis,"Geography, Planning and Development"
Tourism Management,,Development,Scopus CiteScore 2025 (Top 10%),Top 10% (Elite Q1),,24.3,4.496,Elsevier,Development
Tourism Planning and Development,,Development,Scopus CiteScore 2025 (Top 10%),Top 10% (Elite Q1),,8.8,0.753,Taylor & Francis,Development
Tourism Review,,"Geography, Planning and Development",Scopus CiteScore 2025 (Top 10%),Top 10% (Elite Q1),,18.8,2.279,Emerald Publishing,"Geography, Planning and Development"
Tourism and Hospitality Research,,"Geography, Planning and Development",Scopus CiteScore 2025 (Top 10%),Top 10% (Elite Q1),,10.2,0.706,SAGE,"Geography, Planning and Development"
Transactions of the Association for Computational Linguistics,,Communication,Scopus CiteScore 2025 (Top 10%),Top 10% (Elite Q1),,30.7,2.144,MIT Press,Communication
Transgender Health,,Gender Studies,Scopus CiteScore 2025 (Top 10%),Top 10% (Elite Q1),,5.7,0.799,SAGE,Gender Studies
Transportation,,Development,Scopus CiteScore 2025 (Top 10%),Top 10% (Elite Q1),,10.2,1.089,Springer Nature,Development
Travel Behaviour and Society,,"Geography, Planning and Development",Scopus CiteScore 2025 (Top 10%),Top 10% (Elite Q1),,10.3,1.641,Elsevier,"Geography, Planning and Development"
Urban Climate,,Urban Studies,Scopus CiteScore 2025 (Top 10%),Top 10% (Elite Q1),,12.2,1.714,Elsevier,Urban Studies
Urban Education,,Urban Studies,Scopus CiteScore 2025 (Top 10%),Top 10% (Elite Q1),,8.2,1.711,SAGE,Urban Studies
Urban Geography,,Urban Studies,Scopus CiteScore 2025 (Top 10%),Top 10% (Elite Q1),,7.4,1.337,Taylor & Francis,Urban Studies
Urban Governance,,Sociology and Political Science,Scopus CiteScore 2025 (Top 10%),Top 10% (Elite Q1),,6.7,0.873,Elsevier,Sociology and Political Science
Urban Studies,,Urban Studies,Scopus CiteScore 2025 (Top 10%),Top 10% (Elite Q1),,9.9,1.809,SAGE,Urban Studies
User Modeling and User-Adapted Interaction,,Education,Scopus CiteScore 2025 (Top 10%),Top 10% (Elite Q1),,9.7,0.855,Springer Nature,Education
Vehicular Communications,,Communication,Scopus CiteScore 2025 (Top 10%),Top 10% (Elite Q1),,14.4,1.326,Elsevier,Communication
Water Alternatives,,Political Science and International Relations,Scopus CiteScore 2025 (Top 10%),Top 10% (Elite Q1),,6.1,0.94,Water Alternatives Association,Political Science and International Relations
Water Resources and Industry,,"Geography, Planning and Development",Scopus CiteScore 2025 (Top 10%),Top 10% (Elite Q1),,12.4,1.417,Elsevier,"Geography, Planning and Development"
West European Politics,,Political Science and International Relations,Scopus CiteScore 2025 (Top 10%),Top 10% (Elite Q1),,9.7,2.643,Taylor & Francis,Political Science and International Relations
Wiley Interdisciplinary Reviews: Climate Change,,"Geography, Planning and Development",Scopus CiteScore 2025 (Top 10%),Top 10% (Elite Q1),,20.4,3.382,John Wiley & Sons,"Geography, Planning and Development"
Work and Occupations,,Sociology and Political Science,Scopus CiteScore 2025 (Top 10%),Top 10% (Elite Q1),,9.1,2.84,SAGE,Sociology and Political Science
"Work, Aging and Retirement",,Sociology and Political Science,Scopus CiteScore 2025 (Top 10%),Top 10% (Elite Q1),,6.5,1.396,Oxford University Press,Sociology and Political Science
"Work, Employment and Society",,Sociology and Political Science,Scopus CiteScore 2025 (Top 10%),Top 10% (Elite Q1),A,9.0,2.204,SAGE,Sociology and Political Science
World Bank Research Observer,,Development,Scopus CiteScore 2025 (Top 10%),Top 10% (Elite Q1),,12.8,1.985,Oxford University Press,Development
World Development,,Sociology and Political Science,Scopus CiteScore 2025 (Top 10%),Top 10% (Elite Q1),A,9.3,2.027,Elsevier,Sociology and Political Science
World Development Sustainability,,Social Sciences (miscellaneous),Scopus CiteScore 2025 (Top 10%),Top 10% (Elite Q1),,8.8,0.934,Elsevier,Social Sciences (miscellaneous)
World Economy,,Political Science and International Relations,Scopus CiteScore 2025 (Top 10%),Top 10% (Elite Q1),,5.6,1.0,John Wiley & Sons,Political Science and International Relations
